Organisation,Name,,,,Address,Country,Phone1,Fax
Red Hat,Brisbane-N.Quay,193 North Quay,Levels 1 and 4,Brisbane 4000 QLD,"193 North Quay, Levels 1 and 4, Brisbane 4000 QLD",Australia, +61 7 3514 8100, +61 7 3514 8199
Red Hat,Canberra,"Level 5, Tower A",7 London Circuit,Canberra 2600,"Level 5, Tower A, 7 London Circuit, Canberra 2600",Australia, +61 2 6169 4000,
Red Hat,Melbourne,455 Bourke Street,Level 5,Melbourne 3000 VIC,"455 Bourke Street, Level 5, Melbourne 3000 VIC",Australia, +61 3 9624 8100, +61 3 9624 8199
Red Hat,Sydney,Northpoint 100 Miller Street,"Level 35, Suite 3503",North Sydney 2060 NSW,"Northpoint 100 Miller Street, Level 35, Suite 3503, North Sydney 2060 NSW",Australia, +61 2 8923 2800, +61 2 8923 2899
Red Hat,Stuttgart,Wankelstrasse 1-5,STEP,Stuttgart,"Wankelstrasse 1-5, STEP, Stuttgart",Germany, +49 711 964 370, +49 711 964 37 111
Red Hat,London,64 Baker Street,4th Floor,London,"64 Baker Street, 4th Floor, London",United Kingdom, +44 20 7009 4444, +44 20 7009 4445
Red Hat,Oslo,C.J. Hambros Plass 2c,1st Floor,Oslo 0164,"C.J. Hambros Plass 2c, 1st Floor, Oslo 0164",Norway, +47 22 99 60 27, +47 22 99 60 00
Red Hat,Cork,6700 Cork Airport Business Park,Phase II 1st Floor,Cork,"6700 Cork Airport Business Park, Phase II 1st Floor, Cork",Ireland, +353 21 2303400, +353 21 2303400
Red Hat,Stockholm,Kista Science Tower,SE-164 51 Solna,Stockholm,"Kista Science Tower, SE-164 51 Solna, Stockholm",Sweden, +46 8 50 57 56 00, +46 8 50 57 56 49
Red Hat,Frankfurt,"MesseTurm, 11th floor",Frankfurt am Main 60308,,"MesseTurm, 11th floor, Frankfurt am Main 60308, ",Germany, +49 69 365051 000, +49 69 365051 001
Red Hat,Zürich,Red Hat (Switzerland),Europaallee 41,8021 Zürich,"Red Hat (Switzerland), Europaallee 41, 8021 Zürich",Switzerland, +41 44 214 60 12,
Red Hat,Milan,Via Fara 26,4th Floor,Milano,"Via Fara 26, 4th Floor, Milano",Italy, +39 02 360 47601, +39 02 669 3111
Red Hat,Rome,Via Andrea Doria 41 M,"Buidling A, 4th floor",Rome,"Via Andrea Doria 41 M, Buidling A, 4th floor, Rome",Italy, +39 06 8750 2300,
Red Hat,Finland,Keilaranta 14,Espoo 02150,,"Keilaranta 14, Espoo 02150, ",Finland, +358 9 2510 7800, +358 9 2510 7100
Red Hat,Warsaw,Red Hat Poland sp.ZOO,Sheraton Plaza UL Prusa 2,Warsaw 00-493,"Red Hat Poland sp.ZOO, Sheraton Plaza UL Prusa 2, Warsaw 00-493",Poland, +22 657 00 00, +22 657 01 11
Red Hat,Madrid,"C/Jose Bardasano Baos, 9","Rdif. Gorbea 3, Planta 3ºD",Madrid 28016,"C/Jose Bardasano Baos, 9, Rdif. Gorbea 3, Planta 3ºD, Madrid 28016",Spain, +34 91 414 8800, +34 91 414 8822
Red Hat,Paris,Immeuble Le Linéa,"1, rue du Général Leclerc",Puteaux 92800,"Immeuble Le Linéa, 1, rue du Général Leclerc, Puteaux 92800",France, +33 1 4191 2323, +33 1 4191 2332
Red Hat,Farnborough,200 Fowler Avenue,"Farnborough, Hampshire GU14 7JP",,"200 Fowler Avenue, Farnborough, Hampshire GU14 7JP, ",United Kingdom, +44 1252 362700, +44 1252 548116
Red Hat,Moscow,"Zemlyanoy Val, 9","Rep. Office Red Hat BV, Room 4107",Moscow 105064,"Zemlyanoy Val, 9, Rep. Office Red Hat BV, Room 4107, Moscow 105064",Russia, +7 495 662 88 37, +7 800 555 2789
Red Hat,Munich,Werner-von-Siemens-Ring 14,"Technopark II, Building C",Grasbrunn 85630,"Werner-von-Siemens-Ring 14, Technopark II, Building C, Grasbrunn 85630",Germany, +49 89 205071-0, +49 89 205071-111
Red Hat,Neuchatel,Place Numa-Droz 2,CP 2522,Neuchatel 2001,"Place Numa-Droz 2, CP 2522, Neuchatel 2001",Switzerland, +41 32 720 9260, +41 32 720 9289
Red Hat,Buenos Aires,Av. Moreau de Justo 550,3rd Floor,Buenos Aires,"Av. Moreau de Justo 550, 3rd Floor, Buenos Aires",Argentina, +54 11 4329 7300, +54 11 4342 5292
Red Hat,Brasilia,"Centro Empresarial Varig SCN, Quadra 4 Bloco B 12 andar Petala",A Sala 1202,"Asa Norte Brasilia, DF CEP 70714-900","Centro Empresarial Varig SCN, Quadra 4 Bloco B 12 andar Petala, A Sala 1202, Asa Norte Brasilia, DF CEP 70714-900",Brazil, +55 61 3533 6400,
Red Hat,Rio,"Praia de Botafogo, 501 Torre",Corcovado 2 andar,"Rio de Janeiro, RJ 22250-040","Praia de Botafogo, 501 Torre, Corcovado 2 andar, Rio de Janeiro, RJ 22250-040",Brazil, +55 21 2586 6000, +55 21 2586 6001
Red Hat,São Paulo,"Av. Brig. Faria Lima, 3900, Cj 81",Sao Paulo 04538-132,,"Av. Brig. Faria Lima, 3900, Cj 81, Sao Paulo 04538-132, ",Brazil, +55 11 3529 6000, +55 11 3078 2840
Red Hat,Santiago,Avda. Apoquindo N°2827,"Oficina 701, Piso 7","Las Condes, Santiago, ","Avda. Apoquindo N°2827, Oficina 701, Piso 7, Las Condes, Santiago, ",Chile, +562 2597 7000,
Red Hat,Bogota,Red Hat Colombia S.A.S.,"Calle 100, N8-55","Building A, 5th Floor","Red Hat Colombia S.A.S., Calle 100, N8-55, Building A, 5th Floor",Colombia, +57 1 623 1000,
Red Hat,Monterrey,Batallon de San Patricio 109,Pisos 10 y 11 Col. Valle Oriente,San Pedro Garza Garcia,"Batallon de San Patricio 109, Pisos 10 y 11 Col. Valle Oriente, San Pedro Garza Garcia",Mexico, +52 81 8625 6512,
Red Hat,Mexico City,Miguel Cervantes Saavedra No. 193,"Area del piso 5, Oficina 501",Ciudad de México,"Miguel Cervantes Saavedra No. 193, Area del piso 5, Oficina 501, Ciudad de México",Mexico, +52 55 8851 6400,
Red Hat,Montreal,100 rue De La Gauchetiére Ouest,24th floor,"Montreal, Quebec","100 rue De La Gauchetiére Ouest, 24th floor, Montreal, Quebec",Canada, +1 514 448 5100, +1 514 448 5101
Red Hat,Ottawa,"45 O’Connor St., Suite 1150","Ottawa, Ontario",,"45 O’Connor St., Suite 1150, Ottawa, Ontario, ",Canada, +1 613 668 4454, +1 613 237 9145
Red Hat,Toronto,90 Eglinton Avenue East,Suite 502,Toronto M4P 2Y3 ON,"90 Eglinton Avenue East, Suite 502, Toronto M4P 2Y3 ON",Canada, +1 647 259 2555, +1 416 482 6299
Red Hat,Chicago,"101 N. Wacker Dr., Ste. 150","Chicago, IL 60606",,"101 N. Wacker Dr., Ste. 150, Chicago, IL 60606, ",United States, +1 312 660 3500, +1 312 660 3558
Red Hat,Corporate headquarters,100 East Davie Street,"Raleigh, NC 27601",,"100 East Davie Street, Raleigh, NC 27601, ",United States, +1 919 754 4950, +1 919 800 3804
Red Hat,Mahwah,"1 International Blvd., Ste. 903","Mahwah, NJ 07495",,"1 International Blvd., Ste. 903, Mahwah, NJ 07495, ",United States, +1 201 962 3388, +1 201 962 3236
Red Hat,Richmond,1001 Haxall Point Ste. 701,"Richmond, VA 23219",,"1001 Haxall Point Ste. 701, Richmond, VA 23219, ",United States, +1 804 355 9360, +1 804 355 9361
Red Hat,Denver,"4600 South Syracuse, Ste. 900","Denver, CO 80237",,"4600 South Syracuse, Ste. 900, Denver, CO 80237, ",United States, +1 303 256 6210, +1 303 256 6591
Red Hat,Capitol Hill,601 Pennsylvania Ave. NW,"South Building, Ste. 900","Washington, DC 20004","601 Pennsylvania Ave. NW, South Building, Ste. 900, Washington, DC 20004",United States, +1 202 639 8100, +1 202 639 8238
Red Hat,Mountain View,444 Castro Street,Suite 500,"Mountain View, CA 94041","444 Castro Street, Suite 500, Mountain View, CA 94041",United States, +1 650 567 9039, +1 650 567 9041
Red Hat,Tullahoma,120 West Lincoln St.,"Tullahoma, TN 37388",,"120 West Lincoln St., Tullahoma, TN 37388, ",United States, +1 931 454 1706, +1 931 454 1714
Red Hat,Los Angeles,"707 Wilshire Blvd, Suite 5025","Los Angeles, CA 90017",,"707 Wilshire Blvd, Suite 5025, Los Angeles, CA 90017, ",United States, +1 323 375 3893, +1 855 664 9148
Red Hat,Charlotte,401 North Tryon St. Ste. 1071,"Charlotte, NC 28202",,"401 North Tryon St. Ste. 1071, Charlotte, NC 28202, ",United States, +1 704 665 5302, +1 704 998 5301
Red Hat,New York,140 Broadway,24th Floor,"New York, NY 10005","140 Broadway, 24th Floor, New York, NY 10005",United States, +1 212 344 2501, +1 212 344 2508
Red Hat,Westford Park West,314 Littleton Road,"Westford, MA 01886",,"314 Littleton Road, Westford, MA 01886, ",United States, +1 978 392 1000, +1 703 392 1008
Red Hat,Dallas,"1501 LBJ Freeway, Suite 200","Dallas, TX 75234",,"1501 LBJ Freeway, Suite 200, Dallas, TX 75234, ",United States, +1 972 892 4500, +1 972 241 0542
Red Hat,Atlanta,"3340 Peachtree Rd., Ste. 1200","Atlanta, GA 30326",,"3340 Peachtree Rd., Ste. 1200, Atlanta, GA 30326, ",United States, +1 404 442 2000, +1 404 948 1496
Red Hat,Minneapolis,"One Main Street SE, Ste. 209","Minneapolis, MN 55414",,"One Main Street SE, Ste. 209, Minneapolis, MN 55414, ",United States, +1 612 638 0500, +1 612 638 0525
Red Hat,St. Louis,"Two City Place Drive, Suite 200","St. Louis, MO 63141",,"Two City Place Drive, Suite 200, St. Louis, MO 63141, ",United States, +1 314 812 2500, +1 314 812 2505
Red Hat,Huntsville,"4900 Corporate Dr., Ste. L","Huntsville, AL 35805",,"4900 Corporate Dr., Ste. L, Huntsville, AL 35805, ",United States, +1 256 837 1956, +1 256 837 0057
Red Hat,Charleston,4000 Faber Place Drive,"North Charleston, SC 29405",,"4000 Faber Place Drive, North Charleston, SC 29405, ",United States, +1 843 323 4102, +1 843 323 4101
Red Hat,Mt. Laurel,309 Fellowship Rd. Suite 200,"Mt. Laurel, NJ 08054",,"309 Fellowship Rd. Suite 200, Mt. Laurel, NJ 08054, ",United States, +1 856 642 4000, +1 856 642 4001
Red Hat,Tyson's Corner,8260 Greensboro Drive,3rd Floor,"McLean, VA 22102","8260 Greensboro Drive, 3rd Floor, McLean, VA 22102",United States, +1 703 748 2201, +1 703 356 2813
Red Hat,Beijing - Raycom,"Raycom Infotech Park, North Tower C",2 Kexeyuan Nanlu Haidian District,Haidian 100080 Beijing,"Raycom Infotech Park, North Tower C, 2 Kexeyuan Nanlu Haidian District, Haidian 100080 Beijing",China, +86 10 6260 8100, +86 10 6260 8199
Red Hat,Beijing - Park View Green,"8F Tower A, Beijing Parkview Green Fang Cao Di, No. 9 Dong Da Qiao","Road, Chaoyang District, Beijing",PRC 100020 ,"8F Tower A, Beijing Parkview Green Fang Cao Di, No. 9 Dong Da Qiao, Road, Chaoyang District, Beijing, PRC 100020 ",China, +86 10 6533 9300, +86 10 6533 9400
Red Hat,Hong Kong,"Suite 3507-8, 35th Floor","Tower 2, The Gateway","Harbour City, Kowloon","Suite 3507-8, 35th Floor, Tower 2, The Gateway, Harbour City, Kowloon",Hong Kong, +852 2350 7600, +852 2350 7676
Red Hat,Bangalore,"11th Floor, Tower D, IBC Knowledge Park",No. 4/1 Bannerghatta Road,Bangalore 560029,"11th Floor, Tower D, IBC Knowledge Park, No. 4/1 Bannerghatta Road, Bangalore 560029",India, +91 80 3924 5000, +91 80 3924 5499
Red Hat,Mumbai,"Supreme Business Park, Supreme City","A-201, 2nd Floor, Hiranandani Gardens, Powai Mumbai 400076",,"Supreme Business Park, Supreme City, A-201, 2nd Floor, Hiranandani Gardens, Powai Mumbai 400076, ",India, +91 22 39878888, +91 22 39878899
Red Hat,Pune,"Tower X, Cybercity, Magarpatta",Hadapsar Level 0-1,Pune 411013,"Tower X, Cybercity, Magarpatta, Hadapsar Level 0-1, Pune 411013",India, +91 20 304 670 00, +91 20 304 674 99
Red Hat,Delhi,Mathura Road Copia Corporate Centre Plot No.9,"Suites #602A-602B, 6thFL",Jasola 110 025 New Delhi,"Mathura Road Copia Corporate Centre Plot No.9, Suites #602A-602B, 6thFL, Jasola 110 025 New Delhi",India, +91 11 30642000, +91 11 30642017
Red Hat,Indonesia,"28/F, #2843, DBS Bank Tower, Ciputra World One","Jl. Prof. Dr. Satrio Kav 3-5, Jakarta 12940",,"28/F, #2843, DBS Bank Tower, Ciputra World One, Jl. Prof. Dr. Satrio Kav 3-5, Jakarta 12940, ",Indonesia, +62 21 29888 340, +62 21 29888 201
Red Hat,Seoul,"170-9 Samsung-dong, Gangnam-gu",Deokmyung Building,Seoul 135-741,"170-9 Samsung-dong, Gangnam-gu, Deokmyung Building, Seoul 135-741",Korea, +82 2 3490 5200, +82 2 3490 5299
Red Hat,Tokyo,Ebisu Neonate 8F,1-18 Ebisu 4-chome,Tokyo 150-0013 Shibuya-ku,"Ebisu Neonate 8F, 1-18 Ebisu 4-chome, Tokyo 150-0013 Shibuya-ku",Japan, +813 5798 8500, +813 5798 8599
Red Hat,Malaysia,Red Hat Asia Pacific Pte Ltd,"Level, 28. The Gardens South Tower, Mid Valley City",Lingkaran Syed Putra,"Red Hat Asia Pacific Pte Ltd, Level, 28. The Gardens South Tower, Mid Valley City, Lingkaran Syed Putra",Malaysia, +603 2298 7333,
Red Hat,Singapore,8 Shenton Way,10-01 AXA Tower,Singapore 068 811,"8 Shenton Way, 10-01 AXA Tower, Singapore 068 811",Singapore, +65 6490 4200, +65 6490 4201
,,,,,,,,
,,,,,,,,
,,,,,,,,
,,,,,,,,
,,,,,,,,
,,,,,,,,
,,,,,,,,
,,,,,,,,
,,,,,,,,
,,,,,,,,
,,,,,,,,
,,,,,,,,
,,,,,,,,
,,,,,,,,
,,,,,,,,
,,,,,,,,
,,,,,,,,
,,,,,,,,
,,,,,,,,
,,,,,,,,
,,,,,,,,
,,,,,,,,
,,,,,,,,
,,,,,,,,
,,,,,,,,
,,,,,,,,
,,,,,,,,
,,,,,,,,
,,,,,,,,
,,,,,,,,
,,,,,,,,
,,,,,,,,
,,,,,,,,
,,,,,,,,
,,,,,,,,
,,,,,,,,
,,,,,,,,
,,,,,,,,
,,,,,,,,
,,,,,,,,
,,,,,,,,
,,,,,,,,
,,,,,,,,
,,,,,,,,
,,,,,,,,
,,,,,,,,
,,,,,,,,
,,,,,,,,
,,,,,,,,
,,,,,,,,
,,,,,,,,
,,,,,,,,
,,,,,,,,
,,,,,,,,
,,,,,,,,
,,,,,,,,
,,,,,,,,
,,,,,,,,
,,,,,,,,
,,,,,,,,
,,,,,,,,
,,,,,,,,
,,,,,,,,
,,,,,,,,
,,,,,,,,
,,,,,,,,
,,,,,,,,
,,,,,,,,
,,,,,,,,
,,,,,,,,
,,,,,,,,
,,,,,,,,
,,,,,,,,
,,,,,,,,
,,,,,,,,
,,,,,,,,
,,,,,,,,
,,,,,,,,
,,,,,,,,
,,,,,,,,
,,,,,,,,
,,,,,,,,
,,,,,,,,
,,,,,,,,
,,,,,,,,
,,,,,,,,
,,,,,,,,
,,,,,,,,
,,,,,,,,
,,,,,,,,
,,,,,,,,
,,,,,,,,
,,,,,,,,
,,,,,,,,
,,,,,,,,
,,,,,,,,
,,,,,,,,
,,,,,,,,
,,,,,,,,
,,,,,,,,
,,,,,,,,
,,,,,,,,
,,,,,,,,
,,,,,,,,
,,,,,,,,
,,,,,,,,
,,,,,,,,
,,,,,,,,
,,,,,,,,
,,,,,,,,
,,,,,,,,
,,,,,,,,
,,,,,,,,
,,,,,,,,
,,,,,,,,
,,,,,,,,
,,,,,,,,
,,,,,,,,
,,,,,,,,
,,,,,,,,
,,,,,,,,
,,,,,,,,
,,,,,,,,
,,,,,,,,
,,,,,,,,
,,,,,,,,
,,,,,,,,
,,,,,,,,
,,,,,,,,
,,,,,,,,
,,,,,,,,
,,,,,,,,
,,,,,,,,
,,,,,,,,
,,,,,,,,
,,,,,,,,
,,,,,,,,
,,,,,,,,
,,,,,,,,
,,,,,,,,
,,,,,,,,
,,,,,,,,
,,,,,,,,
,,,,,,,,
,,,,,,,,
,,,,,,,,
,,,,,,,,
,,,,,,,,
,,,,,,,,
,,,,,,,,
,,,,,,,,
,,,,,,,,
,,,,,,,,
,,,,,,,,
,,,,,,,,
,,,,,,,,
,,,,,,,,
,,,,,,,,
,,,,,,,,
,,,,,,,,
,,,,,,,,
,,,,,,,,
,,,,,,,,
,,,,,,,,
,,,,,,,,
,,,,,,,,
,,,,,,,,
,,,,,,,,
,,,,,,,,
,,,,,,,,
,,,,,,,,
,,,,,,,,
,,,,,,,,
,,,,,,,,
,,,,,,,,
,,,,,,,,
,,,,,,,,
,,,,,,,,
,,,,,,,,
,,,,,,,,
,,,,,,,,
,,,,,,,,
,,,,,,,,
,,,,,,,,
,,,,,,,,
,,,,,,,,
,,,,,,,,
,,,,,,,,
,,,,,,,,
,,,,,,,,
,,,,,,,,
,,,,,,,,
,,,,,,,,
,,,,,,,,
,,,,,,,,
,,,,,,,,
,,,,,,,,
,,,,,,,,
,,,,,,,,
,,,,,,,,
,,,,,,,,
,,,,,,,,
,,,,,,,,
,,,,,,,,
,,,,,,,,
,,,,,,,,
,,,,,,,,
,,,,,,,,
,,,,,,,,
,,,,,,,,
,,,,,,,,
,,,,,,,,
,,,,,,,,
,,,,,,,,
,,,,,,,,
,,,,,,,,